Steffon Baratheon, man
Steffon Baratheon, spouse, Cassana Estermont
Steffon Baratheon, father, Robert Baratheon
Steffon Baratheon, father, Stannis Baratheon
Steffon Baratheon, father, Renly Baratheon
Cassana Estermont, woman
Cassana Estermont, spouse, Steffon Baratheon
Cassana Estermont, mother, Robert Baratheon
Cassana Estermont, mother, Stannis Baratheon
Cassana Estermont, mother, Renly Baratheon
Robert Baratheon, man
Robert Baratheon, spouse, Cersei Lannister
Robert Baratheon, father, Gendry
Cersei Lannister, woman
Cersei Lannister, spouse, Robert Baratheon
Cersei Lannister, mother, Joffrey Baratheon
Cersei Lannister, mother, Myrcella Baratheon
Cersei Lannister, mother, Tommen Baratheon
Stannis Baratheon, man
Stannis Baratheon, spouse, Selyse Baratheon
Stannis Baratheon, father, Shireen Baratheon
Selyse Baratheon, woman
Selyse Baratheon, spouse, Stannis Baratheon
Selyse Baratheon, mother, Shireen Baratheon
Renly Baratheon, man
Renly Baratheon, spouse, Margaery Tyrell
Margaery Tyrell, woman
Margaery Tyrell, spouse, Renly Baratheon
Gendry, man
Joffrey Baratheon, man
Myrcella Baratheon, woman
Tommen Baratheon, man
Shireen Baratheon, woman